id,hard_skills_keywords,tfidf_keywords
1,java oracle postgresql kanban mysql hibernate mongodb,2,,3,,4,,5,,6,,7,java,8,,9,postgresql php mysql mongodb docker,10,angular python django postgresql perl typescript flask,11,react,12,java,13,,14,,15,kubernetes python linux docker,16,java php,17,kubernetes python java linux php,18,c azure,19,,20,php mysql,21,linux unix,22,python tensorflow pytorch,23,,24,php mysql,25,,26,php,27,,28,java php,29,php,30,java php,31,,32,linux,33,python java c jenkins docker,34,,35,,36,python java php,37,java,38,tensorflow c pytorch react opencv swift,39,oracle java,40,spring angular java hibernate,41,,42,angular c,43,,44,azure,45,java php mysql,46,,47,swift,48,,49,,50,,51,java react,52,spring angular java kafka jenkins hibernate ansible,53,oracle unix,54,angular oracle hibernate azure,55,oracle mysql unix,56,java jenkins php unix docker,57,,58,,59,,60,,61,,62,,63,java,64,,65,,66,,67,java,68,,69,,70,,71,,72,,73,,74,,75,,76,,77,,78,,79,,80,,81,kubernetes python docker java postgresql mysql api graphql aws mongodb,82,,83,,84,,85,,86,,87,,88,,89,,90,,91,,92,,93,,94,,95,,96,,97,,98,,99,,100,,101,,102,,103,,104,,105,,106,,107,,108,,109,,110,,111,,112,,113,,114,,115,,116,,117,,118,,119,,120,,121,,122,,123,,124,,125,,126,,127,,128,,129,,130,,131,,132,,133,,134,,135,,136,,137,,138,,139,,140,,141,,142,css python git postgresql linux docker,143,,144,,145,,146,,147,,148,,149,,150,confluence scrum agile jira,151,,152,,153,,154,,155,,156,,157,,158,,159,,160,,161,,162,,163,,164,,165,,166,,167,,168,,169,,170,,171,,172,,173,,174,,175,,176,,177,,178,,179,python tensorflow spark pytorch azure,180,,181,,182,,183,,184,,185,,186,,187,,188,,189,,190,,191,,192,,193,,194,,195,,196,,197,,198,,199,,200,,201,,202,,203,,204,,205,,206,,207,,208,,209,,210,,211,,212,,213,,214,,215,,216,,217,,218,,219,,220,,221,,222,,223,,224,,225,,226,,227,,228,,229,,230,,231,,232,,233,,234,,235,,236,,237,,238,,239,,240,,241,,242,,243,,244,,245,,246,,247,,248,,249,,250,,251,,252,,253,,254,,255,,256,,257,,258,,259,,260,,261,,262,,263,,264,,265,,266,,267,,268,,269,,270,,271,,272,,273,,274,,275,,276,,277,,278,,279,,280,,281,,282,,283,,284,,285,,286,,287,,288,,289,,290,,291,,292,,293,,294,,295,,296,,297,,298,,299,,300,,301,,302,,303,,304,,305,,306,,307,,308,,309,,310,,311,,312,,313,,314,,315,,316,,317,,318,,319,,320,,321,,322,,323,,324,,325,,326,,327,oracle,328,linux,329,,330,,331,,332,,333,,334,,335,,336,,337,,338,,339,,340,,341,,342,,343,,344,,345,c java sql,346,,347,,348,,349,,350,,351,,352,,353,,354,,355,,356,,357,,358,,359,,360,,361,,362,,363,,364,,365,,366,,367,,368,,369,,370,,371,,372,,373,,374,,375,,376,,377,,378,,379,,380,,381,,382,,383,,384,,385,,386,,387,,388,,389,,390,,391,,392,,393,,394,,395,,396,,397,,398,,399,,400,,401,,402,,403,,404,,405,,406,,407,,408,,409,,410,,411,,412,,413,,414,,415,,416,,417,,418,,419,,420,,421,,422,,423,,424,,425,,426,,427,,428,,429,,430,,431,,432,,433,,434,,435,,436,,437,,438,,439,oracle linux,440,,441,,442,oracle linux mysql,443,,444,,445,,446,,447,,448,rest git java php mysql api javascript,449,kubernetes react docker ansible git java postgresql linux kanban jenkins azure jira python oracle javascript eclipse angular shell scrum terraform agile aws,450,rest css c linux html mysql api soap,451,git agile swift,452,confluence oracle hibernate javascript redis spring git java jenkins html mysql agile api jira,453,css hibernate redis docker sql spring git java spark jenkins html mysql hadoop azure rest oracle javascript angular agile aws soap,454,angular css oracle jenkins html api mongodb javascript ansible,455,kubernetes docker git java jenkins agile api aws azure,456,css git java php html mysql javascript soap sql,457,rest kubernetes react javascript redis docker sql angular git java postgresql json mysql api mongodb jira,458,rest css git java linux json html javascript swift,459,oracle javascript sql git java xml mysql api mongodb,460,css python django scrum html agile api flask sql,461,java selenium scrum mysql agile api,462,css git java react javascript,463,kubernetes css javascript docker ruby git java postgresql html mysql agile aws mongodb jira,464,rest git scrum agile,465,,466,python oracle javascript git java shell linux jenkins mysql api,467,css git java html javascript,468,kubernetes python react docker jenkins scrum bash terraform agile aws,469,spark linux kafka api hadoop aws docker,470,shell agile redis azure,471,c agile api azure sql,472,kubernetes linux aws azure docker,473,python terraform api aws ansible,474,kubernetes agile aws azure docker,475,kubernetes python linux perl aws azure docker,476,agile,477,python java javascript,478,java oracle aws mongodb azure sql,479,python java bash javascript,480,python,481,,482,,483,java,484,,485,,486,,487,,488,,489,linux,490,python,491,,492,,493,,494,,495,,496,,497,,498,,499,,500,,501,,502,,503,,504,,505,,506,,507,,508,,509,,510,,511,,512,,513,,514,,515,,516,,517,,518,,519,,520,,521,,522,,523,,524,,525,,526,,527,,528,,529,,530,,531,,532,,533,,534,,535,,536,,537,,538,,539,,540,,541,,542,,543,,544,,545,,546,,547,,548,,549,,550,,551,,552,,553,,554,,555,,556,,557,,558,,559,,560,python java docker ansible,561,,562,java react,563,aws,564,azure,565,oracle mysql aws azure ansible,566,,567,,568,,569,,570,,571,,572,aws azure,573,java react,574,python postgresql linux jenkins mysql unix,575,,576,kubernetes python java jenkins docker azure ansible,577,,578,python java postgresql jenkins php mysql perl aws azure,579,,580,,581,rest java terraform api aws azure,582,rest java terraform api aws azure,583,,584,,585,linux,586,,587,,588,,589,,590,,591,,592,linux,593,,594,,595,,596,,597,,598,,599,,600,,601,,602,,603,,604,,605,,606,,607,,608,,609,,610,linux unix,611,,612,,613,angular react,614,,615,,616,,617,,618,,619,,620,,621,jenkins,622,angular linux php,623,,624,,625,,626,rest oracle postgresql api soap,627,angular java jenkins php mysql ansible,628,,629,,630,,631,,632,,633,,634,kubernetes python linux react mongodb ansible docker,635,,636,,637,,638,,639,,640,,641,,642,,643,,644,angular c java oracle mysql,645,,646,,647,,648,,649,,650,,651,,652,,653,,654,,655,,656,,657,,658,,659,,660,,661,,662,,663,,664,aws,665,,666,,667,,668,,669,,670,,671,,672,angular docker,673,,674,,675,,676,,677,,678,,679,,680,,681,,682,,683,,684,,685,,686,,687,java,688,spring java oracle postgresql jenkins soap docker ansible,689,,690,kubernetes linux,691,,692,,693,,694,,695,angular python,696,,697,kubernetes java postgresql mysql hibernate docker,698,,699,,700,,701,,702,,703,,704,,705,oracle,706,,707,,708,,709,,710,,711,,712,,713,,714,,715,,716,,717,,718,,719,spring angular python java postgresql react hibernate mongodb,720,,721,,722,,723,,724,,725,,726,python,727,aws docker azure,728,,729,,730,,731,,732,,733,,734,,735,oracle,736,,737,,738,,739,,740,,741,,742,linux,743,,744,,745,,746,java c azure,747,,748,,749,,750,,751,,752,,753,,754,,755,,756,,757,,758,,759,,760,,761,,762,,763,,764,,765,,766,angular oracle c kanban hibernate,767,,768,,769,,770,,771,,772,,773,,774,,775,,776,java oracle php,777,,778,,779,,780,,781,,782,kubernetes,783,,784,,785,,786,,787,,788,linux,789,,790,,791,,792,java hibernate mongodb,793,,794,,795,kubernetes python jenkins azure docker ansible,796,,797,,798,spring kubernetes python java jenkins terraform aws ansible azure docker,799,,800,,801,,802,,803,,804,,805,,806,,807,,808,java,809,,810,,811,,812,,813,,814,,815,,816,,817,,818,,819,,820,,821,,822,,823,,824,,825,,826,,827,,828,,829,,830,,831,,832,,833,,834,,835,,836,swift,837,python java oracle postgresql jenkins mysql unix,838,,839,,840,,841,,842,,843,,844,,845,,846,,847,python java c,848,,849,,850,,851,,852,,853,azure,854,,855,,856,,857,tensorflow python java spark,858,python java,859,angular python spark kafka react mongodb docker,860,,861,,862,,863,,864,,865,,866,,867,,868,,869,,870,,871,,872,,873,,874,,875,,876,,877,,878,,879,,880,,881,,882,,883,,884,,885,,886,,887,,888,,889,,890,,891,,892,,893,,894,,895,,896,,897,,898,,899,,900,,901,,902,,903,,904,,905,,906,oracle,907,,908,,909,rest kubernetes hibernate docker spring java postgresql kanban jenkins terraform mysql api aws,910,,911,kafka ansible azure,912,,913,,914,,915,,916,,917,,918,,919,,920,,921,,922,,923,,924,,925,,926,python postgresql mysql,927,,928,,929,,930,,931,,932,,933,,934,,935,,936,,937,,938,,939,,940,,941,,942,,943,,944,,945,kubernetes python c spark azure docker,946,linux,947,python aws azure,948,aws,949,,950,java postgresql php mysql,951,,952,,953,,954,,955,,956,,957,python tensorflow pytorch aws,958,,959,,960,,961,,962,python linux kanban mysql redis,963,,964,linux,965,terraform ansible,966,,967,,968,,969,,970,,971,,972,,973,,974,,975,,976,,977,,978,,979,hadoop,980,,981,,982,,983,,984,,985,,986,,987,,988,,989,,990,,991,,992,,993,oracle,994,,995,angular kubernetes java linux mysql hibernate docker,996,angular java,997,angular kubernetes java linux mysql hibernate docker,998,angular kubernetes java linux mysql hibernate docker,999,,1000,,1001,,1002,swift,1003,kubernetes python django kanban kafka mysql flask mongodb redis docker,1004,python,1005,,1006,,1007,,1008,kubernetes jenkins react terraform typescript aws docker azure ansible,1009,,1010,,1011,,1012,,1013,,1014,,1015,,1016,,1017,,1018,,1019,,1020,,1021,,1022,,1023,,1024,,1025,,1026,,1027,,1028,,1029,,1030,,1031,,1032,,1033,,1034,,1035,,1036,,1037,,1038,,1039,,1040,,1041,,1042,,1043,,1044,,1045,,1046,,1047,,1048,,1049,,1050,,1051,,1052,,1053,,1054,,1055,,1056,,1057,,1058,,1059,,1060,,1061,,1062,,1063,,1064,python c,1065,,1066,,1067,,1068,,1069,,1070,,1071,,1072,,1073,,1074,,1075,,1076,,1077,,1078,,1079,,1080,,1081,,1082,,1083,,1084,,1085,,1086,,1087,,1088,,1089,,1090,,1091,,1092,,1093,,1094,,1095,,1096,,1097,,1098,,1099,,1100,c java php,1101,,1102,,1103,,1104,,1105,,1106,,1107,,1108,,1109,,1110,,1111,,1112,,1113,,1114,,1115,,1116,,1117,,1118,,1119,oracle linux,1120,,1121,python,1122,,1123,,1124,,1125,aws azure,1126,c oracle,1127,,1128,,1129,,1130,,1131,,1132,python java jenkins,1133,java,1134,,1135,,1136,,1137,oracle,1138,,1139,,1140,,1141,,1142,,1143,,1144,,1145,,1146,,1147,,1148,,1149,,1150,,1151,,1152,,1153,,1154,,1155,,1156,,1157,,1158,,1159,,1160,,1161,,1162,,1163,,1164,,1165,,1166,,1167,,1168,,1169,python oracle,1170,,1171,,1172,,1173,,1174,,1175,,1176,,1177,,1178,,1179,,1180,trello,1181,,1182,,1183,,1184,,1185,,1186,,1187,,1188,,1189,,1190,,1191,,1192,,1193,python java jenkins,1194,,1195,,1196,,1197,python terraform azure,1198,,1199,,1200,,1201,,1202,,1203,,1204,,1205,,1206,,1207,,1208,aws,1209,angular java postgresql php react mysql typescript mongodb,1210,,1211,,1212,,1213,,1214,,1215,,1216,,1217,,1218,angular java,1219,spring angular java typescript,1220,,1221,,1222,,1223,react,1224,,1225,,1226,,1227,,1228,,1229,,1230,,1231,,1232,,1233,,1234,oracle postgresql linux unix,1235,oracle,1236,,1237,,1238,,1239,,1240,,1241,,1242,,1243,,1244,,1245,,1246,,1247,,1248,,1249,,1250,,1251,,1252,,1253,,1254,,1255,,1256,,1257,java react,1258,java react,1259,,1260,,1261,,1262,,1263,,1264,,1265,,1266,,1267,,1268,,1269,,1270,,1271,,1272,,1273,,1274,,1275,postgresql react mysql typescript mongodb,1276,,1277,,1278,,1279,,1280,,1281,linux,1282,,1283,perl,1284,,1285,,1286,,1287,,1288,,1289,,1290,,1291,,1292,,1293,,1294,,1295,,1296,,1297,,1298,,1299,,1300,,1301,,1302,,1303,,1304,,1305,,1306,,1307,,1308,,1309,,1310,,1311,,1312,,1313,,1314,,1315,,1316,,1317,,1318,,1319,,1320,,1321,java,1322,,1323,,1324,,1325,,1326,,1327,,1328,,1329,,1330,,1331,,1332,,1333,rest java terraform api aws azure,1334,perl unix,1335,rest java terraform api aws azure,1336,oracle,1337,java hibernate,1338,,1339,,1340,,1341,,1342,,1343,,1344,,1345,,1346,,1347,,1348,,1349,,1350,,1351,azure,1352,,1353,,1354,,1355,,1356,,1357,,1358,,1359,,1360,,1361,python css django java postgresql kafka typescript mongodb redis,1362,,1363,,1364,,1365,,1366,,1367,,1368,,1369,,1370,,1371,,1372,,1373,,1374,,1375,,1376,,1377,,1378,,1379,python,1380,,1381,python,1382,,1383,,1384,,1385,,1386,,1387,spring rest java jenkins api aws soap,1388,,1389,java,1390,,1391,,1392,,1393,,1394,,1395,,1396,trello,1397,react azure,1398,,1399,,1400,,1401,,1402,,1403,,1404,,1405,,1406,,1407,,1408,,1409,,1410,,1411,python java postgresql mysql typescript aws mongodb azure,1412,,1413,,1414,angular java soap,1415,oracle java,1416,kubernetes java react mysql typescript aws mongodb redis azure,1417,java c kotlin swift,1418,python java oracle mysql,1419,,1420,,1421,,1422,oracle,1423,,1424,,1425,java kanban jenkins,1426,,1427,,1428,c java php,1429,,1430,java oracle,1431,,1432,,1433,,1434,,1435,,1436,,1437,,1438,,1439,,1440,,1441,,1442,,1443,,1444,,1445,,1446,,1447,,1448,,1449,,1450,,1451,spark linux hadoop aws azure,1452,spark,1453,spark kafka hadoop,1454,python spark hadoop,1455,,1456,,1457,,1458,,1459,,1460,,1461,,1462,c java php,1463,c java php,1464,,1465,,1466,,1467,,1468,,1469,,1470,,1471,,1472,,1473,,1474,,1475,,1476,,1477,,1478,,1479,,1480,,1481,,1482,,1483,,1484,,1485,,1486,,1487,,1488,,1489,,1490,,1491,,1492,,1493,,1494,,1495,python c soap,1496,,1497,python,1498,,1499,,1500,python spark,1501,,1502,,1503,oracle postgresql,1504,kubernetes python postgresql jenkins terraform mysql ansible azure docker,1505,,1506,c linux,1507,,1508,,1509,,1510,,1511,,1512,,1513,,1514,,1515,,1516,,1517,,1518,,1519,,1520,,1521,,1522,,1523,,1524,,1525,,1526,,1527,,1528,,1529,,1530,,1531,,1532,,1533,,1534,,1535,,1536,,1537,,1538,,1539,,1540,,1541,,1542,,1543,,1544,,1545,,1546,,1547,,1548,,1549,,1550,,1551,,1552,,1553,,1554,,1555,,1556,,1557,,1558,,1559,,1560,,1561,,1562,,1563,,1564,,1565,kubernetes python jenkins terraform ansible docker,1566,,1567,,1568,,1569,,1570,,1571,,1572,,1573,,1574,python tensorflow spark kafka pytorch keras hadoop,1575,kanban,1576,,1577,,1578,,1579,,1580,,1581,,1582,,1583,,1584,kubernetes jenkins react terraform typescript aws docker azure ansible,1585,,1586,,1587,,1588,,1589,,1590,,1591,,1592,,1593,,1594,,1595,,1596,,1597,,1598,,1599,python,1600,angular c java linux typescript azure,1601,,1602,,1603,,1604,,1605,,1606,,1607,,1608,,1609,,1610,,1611,,1612,,1613,aws azure,1614,,1615,spring java kafka docker azure,1616,,1617,c,1618,,1619,kubernetes oracle linux kanban terraform azure docker,1620,,1621,,1622,,1623,,1624,,1625,java terraform aws azure,1626,aws,1627,,1628,,1629,,1630,,1631,,1632,oracle postgresql linux mysql unix,1633,,1634,,1635,,1636,,1637,,1638,,1639,,1640,,1641,,1642,,1643,,1644,,1645,,1646,,1647,,1648,,1649,,1650,,1651,,1652,,1653,,1654,,1655,,1656,,1657,python spark aws,1658,,1659,,1660,,1661,,1662,,1663,,1664,kubernetes spark kafka terraform aws azure ansible,1665,kubernetes spark kafka terraform aws azure ansible,1666,,1667,,1668,,1669,,1670,,1671,,1672,,1673,,1674,,1675,,1676,,1677,,1678,,1679,,1680,,1681,,1682,,1683,,1684,,1685,,1686,,1687,,1688,,1689,,1690,,1691,oracle postgresql spark jenkins mongodb azure,1692,,1693,,1694,,1695,,1696,,1697,,1698,,1699,,1700,,1701,,1702,,1703,,1704,,1705,,1706,,1707,,1708,,1709,,1710,,1711,,1712,,1713,,1714,,1715,,1716,,1717,,1718,,1719,,1720,kubernetes python ansible docker,1721,,1722,,1723,c,1724,,1725,,1726,,1727,,1728,,1729,linux,1730,,1731,,1732,,1733,,1734,java postgresql php mysql,1735,python tensorflow java c pytorch,1736,java oracle,1737,,1738,,1739,,1740,,1741,,1742,,1743,java,1744,,1745,,1746,,1747,angular java,1748,spring angular java typescript,1749,,1750,,1751,java linux php unix,1752,,1753,,1754,,1755,,1756,,1757,,1758,,1759,,1760,,1761,,1762,,1763,,1764,,1765,,1766,,1767,,1768,,1769,,1770,azure,1771,,1772,,1773,,1774,,1775,,1776,,1777,,1778,,1779,,1780,,1781,,1782,,1783,,1784,,1785,,1786,,1787,,1788,,1789,,1790,,1791,,1792,,1793,,1794,,java:0,40683;oracle:0,53300;postgresql:0,58927;kanban:0,74137;mysql:0,53636;hibernate:0,67423;mongodb:0,64235;
:0,14555;
:0,14555;
:0,14555;
:0,14555;
:0,14555;
java:2,84781;
:0,14555;
postgresql:0,82498;php:0,83927;mysql:0,75091;mongodb:0,89929;docker:0,76066;
angular:0,58443;python:0,47619;django:0,84040;postgresql:0,58927;perl:0,81435;typescript:0,71533;flask:0,87227;
react:4,35671;
java:2,84781;
:0,14555;
:0,14555;
kubernetes:0,99146;python:0,83333;linux:0,93863;docker:0,95083;
java:1,42391;php:2,09818;
kubernetes:0,79317;python:0,66666;java:0,56956;linux:0,75091;php:0,83927;
c:2,11705;azure:1,79009;
:0,14555;
php:2,09818;mysql:1,87727;
linux:1,87727;unix:2,50365;
python:1,11111;tensorflow:1,80425;pytorch:1,84876;
:0,14555;
php:2,09818;mysql:1,87727;
:0,14555;
php:4,19637;
:0,14555;
java:1,42391;php:2,09818;
php:4,19637;
java:1,42391;php:2,09818;
:0,14555;
linux:3,75453;
python:0,66666;java:0,56956;c:0,84682;jenkins:0,81820;docker:0,76066;
:0,14555;
:0,14555;
python:1,11111;java:0,94927;php:1,39879;
java:2,84781;
tensorflow:0,90213;c:0,70568;pytorch:0,92438;react:0,72612;opencv:1,13318;swift:0,90213;
oracle:1,86550;java:1,42391;
spring:0,98545;angular:0,81820;java:1,13912;hibernate:0,94392;
:0,14555;
angular:2,04550;c:2,11705;
:0,14555;
azure:3,58018;
java:1,42391;php:1,04909;mysql:0,93863;
:0,14555;
swift:5,41276;
:0,14555;
:0,14555;
:0,14555;
java:1,42391;react:2,17835;
spring:0,61591;angular:1,02275;java:0,35598;kafka:0,62591;jenkins:0,51138;hibernate:0,58995;ansible:0,55015;
oracle:1,86550;unix:2,50365;
angular:1,02275;oracle:0,93275;hibernate:1,17990;azure:0,89505;
oracle:1,24367;mysql:1,25151;unix:1,66910;
java:0,47464;jenkins:0,68183;php:1,39879;unix:0,83455;docker:0,63389;
:0,14555;
:0,14555;
:0,14555;
:0,14555;
:0,14555;
:0,14555;
java:2,84781;
:0,14555;
:0,14555;
:0,14555;
java:2,84781;
:0,14555;
:0,14555;
:0,14555;
:0,14555;
:0,14555;
:0,14555;
:0,14555;
:0,14555;
:0,14555;
:0,14555;
:0,14555;
:0,14555;
:0,14555;
kubernetes:0,26439;python:0,22222;java:0,37971;postgresql:0,54999;mysql:0,50060;api:0,29341;graphql:0,45327;aws:0,25030;mongodb:0,59953;docker:0,50711;
:0,14555;
:0,14555;
:0,14555;
:0,14555;
:0,14555;
:0,14555;
:0,14555;
:0,14555;
:0,14555;
:0,14555;
:0,14555;
:0,14555;
:0,14555;
:0,14555;
:0,14555;
:0,14555;
:0,14555;
:0,14555;
:0,14555;
:0,14555;
:0,14555;
:0,14555;
:0,14555;
:0,14555;
:0,14555;
:0,14555;
:0,14555;
:0,14555;
:0,14555;
:0,14555;
:0,14555;
:0,14555;
:0,14555;
:0,14555;
:0,14555;
:0,14555;
:0,14555;
:0,14555;
:0,14555;
:0,14555;
:0,14555;
:0,14555;
:0,14555;
:0,14555;
:0,14555;
:0,14555;
:0,14555;
:0,14555;
:0,14555;
:0,14555;
:0,14555;
:0,14555;
:0,14555;
:0,14555;
:0,14555;
:0,14555;
:0,14555;
:0,14555;
:0,14555;
:0,14555;
css:0,91042;python:0,60606;git:0,42354;postgresql:0,74998;linux:0,68264;docker:0,69151;
:0,14555;
:0,14555;
:0,14555;
:0,14555;
:0,14555;
:0,14555;
:0,14555;
confluence:1,59840;scrum:1,38657;agile:1,17990;jira:1,42511;
:0,14555;
:0,14555;
:0,14555;
:0,14555;
:0,14555;
:0,14555;
:0,14555;
:0,14555;
:0,14555;
:0,14555;
:0,14555;
:0,14555;
:0,14555;
:0,14555;
:0,14555;
:0,14555;
:0,14555;
:0,14555;
:0,14555;
:0,14555;
:0,14555;
:0,14555;
:0,14555;
:0,14555;
:0,14555;
:0,14555;
:0,14555;
:0,14555;
python:0,83333;tensorflow:0,67660;spark:1,16475;pytorch:0,69329;azure:0,89505;
:0,14555;
:0,14555;
:0,14555;
:0,14555;
:0,14555;
:0,14555;
:0,14555;
:0,14555;
:0,14555;
:0,14555;
:0,14555;
:0,14555;
:0,14555;
:0,14555;
:0,14555;
:0,14555;
:0,14555;
:0,14555;
:0,14555;
:0,14555;
:0,14555;
:0,14555;
:0,14555;
:0,14555;
:0,14555;
:0,14555;
:0,14555;
:0,14555;
:0,14555;
:0,14555;
:0,14555;
:0,14555;
:0,14555;
:0,14555;
:0,14555;
:0,14555;
:0,14555;
:0,14555;
:0,14555;
:0,14555;
:0,14555;
:0,14555;
:0,14555;
:0,14555;
:0,14555;
:0,14555;
:0,14555;
:0,14555;
:0,14555;
:0,14555;
:0,14555;
:0,14555;
:0,14555;
:0,14555;
:0,14555;
:0,14555;
:0,14555;
:0,14555;
:0,14555;
:0,14555;
:0,14555;
:0,14555;
:0,14555;
:0,14555;
:0,14555;
:0,14555;
:0,14555;
:0,14555;
:0,14555;
:0,14555;
:0,14555;
:0,14555;
:0,14555;
:0,14555;
:0,14555;
:0,14555;
:0,14555;
:0,14555;
:0,14555;
:0,14555;
:0,14555;
:0,14555;
:0,14555;
:0,14555;
:0,14555;
:0,14555;
:0,14555;
:0,14555;
:0,14555;
:0,14555;
:0,14555;
:0,14555;
:0,14555;
:0,14555;
:0,14555;
:0,14555;
:0,14555;
:0,14555;
:0,14555;
:0,14555;
:0,14555;
:0,14555;
:0,14555;
:0,14555;
:0,14555;
:0,14555;
:0,14555;
:0,14555;
:0,14555;
:0,14555;
:0,14555;
:0,14555;
:0,14555;
:0,14555;
:0,14555;
:0,14555;
:0,14555;
:0,14555;
:0,14555;
:0,14555;
:0,14555;
:0,14555;
:0,14555;
:0,14555;
:0,14555;
:0,14555;
:0,14555;
:0,14555;
:0,14555;
:0,14555;
:0,14555;
:0,14555;
:0,14555;
:0,14555;
:0,14555;
:0,14555;
:0,14555;
:0,14555;
:0,14555;
:0,14555;
:0,14555;
:0,14555;
:0,14555;
:0,14555;
:0,14555;
:0,14555;
:0,14555;
oracle:3,73100;
linux:3,75453;
:0,14555;
:0,14555;
:0,14555;
:0,14555;
:0,14555;
:0,14555;
:0,14555;
:0,14555;
:0,14555;
:0,14555;
:0,14555;
:0,14555;
:0,14555;
:0,14555;
:0,14555;
:0,14555;
c:1,69364;java:1,13912;sql:1,05900;
:0,14555;
:0,14555;
:0,14555;
:0,14555;
:0,14555;
:0,14555;
:0,14555;
:0,14555;
:0,14555;
:0,14555;
:0,14555;
:0,14555;
:0,14555;
:0,14555;
:0,14555;
:0,14555;
:0,14555;
:0,14555;
:0,14555;
:0,14555;
:0,14555;
:0,14555;
:0,14555;
:0,14555;
:0,14555;
:0,14555;
:0,14555;
:0,14555;
:0,14555;
:0,14555;
:0,14555;
:0,14555;
:0,14555;
:0,14555;
:0,14555;
:0,14555;
:0,14555;
:0,14555;
:0,14555;
:0,14555;
:0,14555;
:0,14555;
:0,14555;
:0,14555;
:0,14555;
:0,14555;
:0,14555;
:0,14555;
:0,14555;
:0,14555;
:0,14555;
:0,14555;
:0,14555;
:0,14555;
:0,14555;
:0,14555;
:0,14555;
:0,14555;
:0,14555;
:0,14555;
:0,14555;
:0,14555;
:0,14555;
:0,14555;
:0,14555;
:0,14555;
:0,14555;
:0,14555;
:0,14555;
:0,14555;
:0,14555;
:0,14555;
:0,14555;
:0,14555;
:0,14555;
:0,14555;
:0,14555;
:0,14555;
:0,14555;
:0,14555;
:0,14555;
:0,14555;
:0,14555;
:0,14555;
:0,14555;
:0,14555;
:0,14555;
:0,14555;
:0,14555;
:0,14555;
:0,14555;
:0,14555;
:0,14555;
oracle:1,86550;linux:1,87727;
:0,14555;
:0,14555;
oracle:1,86550;linux:0,93863;mysql:0,93863;
:0,14555;
:0,14555;
:0,14555;
:0,14555;
:0,14555;
rest:0,60664;git:0,58237;java:0,35598;php:0,52455;mysql:0,93863;api:0,55015;javascript:0,58995;
kubernetes:0,26439;python:0,22222;oracle:0,24873;react:0,14522;javascript:0,15732;docker:0,25355;eclipse:0,22664;ansible:0,14671;angular:0,13637;git:0,15530;java:0,18985;postgresql:0,27499;shell:0,20353;linux:0,25030;kanban:0,17299;jenkins:0,27273;scrum:0,18488;terraform:0,14988;agile:0,15732;aws:0,12515;azure:0,11934;jira:0,19001;
rest:0,44120;css:0,45521;c:0,38492;linux:0,68264;html:0,47178;mysql:0,68264;api:0,40011;soap:0,96272;
git:1,55300;agile:1,57320;swift:1,80425;
confluence:0,35520;oracle:0,41456;hibernate:0,26220;javascript:0,26220;redis:0,29417;spring:0,54747;git:0,25883;java:0,31642;jenkins:0,22728;html:0,28831;mysql:0,41717;agile:0,26220;api:0,24451;jira:0,31669;
rest:0,14274;css:0,14727;oracle:0,21947;hibernate:0,27762;javascript:0,13881;redis:0,31147;docker:0,22372;sql:0,15573;spring:0,28984;angular:0,24065;git:0,13703;java:0,16752;spark:0,27406;jenkins:0,24065;html:0,15264;mysql:0,22085;agile:0,13881;hadoop:0,31840;aws:0,11043;soap:0,31147;azure:0,21060;
angular:0,68183;css:0,41727;oracle:0,31092;jenkins:0,68183;html:0,43247;api:0,36676;mongodb:0,74941;javascript:0,39330;ansible:0,36676;
kubernetes:0,30506;git:0,35838;java:0,43812;jenkins:0,62939;agile:0,36305;api:0,33855;aws:0,28881;azure:0,55080;docker:0,58513;
css:0,50073;git:0,46590;java:0,28478;php:0,41964;html:0,51896;mysql:0,75091;javascript:0,47196;soap:0,52950;sql:0,52950;
rest:0,44120;kubernetes:0,18027;react:0,19803;javascript:0,21453;redis:0,48136;docker:0,34576;sql:0,24068;angular:0,18595;git:0,21177;java:0,12945;postgresql:0,37499;json:0,29062;mysql:0,34132;api:0,20005;mongodb:0,40877;jira:0,25911;
rest:0,48531;css:0,50073;git:0,46590;java:0,28478;linux:0,75091;json:0,63936;html:0,51896;javascript:0,47196;swift:0,54128;
git:0,35838;oracle:0,57400;java:0,21906;xml:0,52300;mysql:0,86643;api:0,33855;mongodb:0,69176;javascript:0,36305;sql:0,40731;
css:0,50073;python:0,33333;django:1,17655;scrum:0,55463;html:0,51896;agile:0,47196;api:0,44012;flask:0,61059;sql:0,52950;
java:0,81366;selenium:0,97129;scrum:0,79233;mysql:0,53636;agile:0,67423;api:0,62874;
css:0,83455;git:0,77650;java:0,47464;react:1,45224;javascript:0,78660;
kubernetes:0,22032;css:0,27818;javascript:0,26220;docker:0,42259;ruby:0,37773;git:0,25883;java:0,15821;postgresql:0,45832;html:0,28831;mysql:0,41717;agile:0,26220;aws:0,20859;mongodb:0,49961;jira:0,31669;
rest:1,21329;git:1,16475;scrum:1,38657;agile:1,17990;
:0,14555;
python:0,41666;git:0,29119;oracle:0,46638;java:0,17799;shell:0,76324;linux:0,46932;jenkins:0,51138;mysql:0,46932;api:0,27507;javascript:0,29498;
css:1,00146;git:0,93180;java:0,56956;html:1,03792;javascript:0,94392;
kubernetes:0,28327;python:0,47619;jenkins:0,58443;scrum:0,39616;bash:0,45669;react:0,62239;terraform:0,32118;agile:0,33712;aws:0,26818;docker:0,54333;
spark:0,84709;linux:0,68264;kafka:0,45521;api:0,40011;hadoop:0,98414;aws:0,34132;docker:0,69151;
shell:1,74455;agile:0,67423;redis:1,51285;azure:1,02291;
c:1,20974;agile:0,67423;api:0,62874;azure:1,02291;sql:0,75643;
kubernetes:0,49573;linux:0,46932;aws:0,46932;azure:1,34257;docker:0,95083;
python:0,66666;terraform:0,89929;api:0,88023;aws:0,75091;ansible:0,88023;
kubernetes:0,66097;agile:0,78660;aws:0,62576;azure:1,19339;docker:0,63389;
kubernetes:0,33049;python:0,55555;linux:0,62576;perl:0,95007;aws:0,31288;azure:0,59670;docker:0,63389;
agile:4,71961;
python:1,66666;java:0,71195;javascript:1,17990;
java:0,56956;oracle:0,74620;aws:0,37545;mongodb:0,89929;azure:0,71604;sql:0,52950;
python:0,83333;java:0,71195;bash:1,59840;javascript:1,17990;
python:3,33332;
:0,14555;
:0,14555;
java:2,84781;
:0,14555;
:0,14555;
:0,14555;
:0,14555;
:0,14555;
linux:3,75453;
python:3,33332;
:0,14555;
:0,14555;
:0,14555;
:0,14555;
:0,14555;
:0,14555;
:0,14555;
:0,14555;
:0,14555;
:0,14555;
:0,14555;
:0,14555;
:0,14555;
:0,14555;
:0,14555;
:0,14555;
:0,14555;
:0,14555;
:0,14555;
:0,14555;
:0,14555;
:0,14555;
:0,14555;
:0,14555;
:0,14555;
:0,14555;
:0,14555;
:0,14555;
:0,14555;
:0,14555;
:0,14555;
:0,14555;
:0,14555;
:0,14555;
:0,14555;
:0,14555;
:0,14555;
:0,14555;
:0,14555;
:0,14555;
:0,14555;
:0,14555;
:0,14555;
:0,14555;
:0,14555;
:0,14555;
:0,14555;
:0,14555;
:0,14555;
:0,14555;
:0,14555;
:0,14555;
:0,14555;
:0,14555;
:0,14555;
:0,14555;
:0,14555;
:0,14555;
:0,14555;
:0,14555;
:0,14555;
:0,14555;
:0,14555;
:0,14555;
:0,14555;
:0,14555;
:0,14555;
:0,14555;
:0,14555;
python:1,33333;java:0,56956;docker:0,76066;ansible:0,88023;
:0,14555;
java:1,42391;react:2,17835;
aws:3,75453;
azure:3,58018;
oracle:0,74620;mysql:0,75091;aws:0,75091;azure:0,71604;ansible:0,88023;
:0,14555;
:0,14555;
:0,14555;
:0,14555;
:0,14555;
:0,14555;
aws:1,87727;azure:1,79009;
java:1,42391;react:2,17835;
python:0,55555;postgresql:0,68748;linux:0,62576;jenkins:0,68183;mysql:0,62576;unix:0,83455;
:0,14555;
kubernetes:0,56655;python:0,47619;java:0,40683;jenkins:0,58443;docker:0,54333;azure:0,51145;ansible:0,62874;
:0,14555;
python:0,37037;java:0,31642;postgresql:0,45832;jenkins:0,45456;php:0,46626;mysql:0,41717;perl:0,63338;aws:0,41717;azure:0,39780;
:0,14555;
:0,14555;
rest:0,69331;java:0,40683;terraform:0,64235;api:0,62874;aws:0,53636;azure:1,02291;
rest:0,69331;java:0,40683;terraform:0,64235;api:0,62874;aws:0,53636;azure:1,02291;
:0,14555;
:0,14555;
linux:3,75453;
:0,14555;
:0,14555;
:0,14555;
:0,14555;
:0,14555;
:0,14555;
linux:3,75453;
:0,14555;
:0,14555;
:0,14555;
:0,14555;
:0,14555;
:0,14555;
:0,14555;
:0,14555;
:0,14555;
:0,14555;
:0,14555;
:0,14555;
:0,14555;
:0,14555;
:0,14555;
:0,14555;
:0,14555;
linux:2,50302;unix:1,66910;
:0,14555;
:0,14555;
angular:2,04550;react:2,17835;
:0,14555;
:0,14555;
:0,14555;
:0,14555;
:0,14555;
:0,14555;
:0,14555;
jenkins:4,09101;
angular:1,36367;linux:1,25151;php:1,39879;
:0,14555;
:0,14555;
:0,14555;
rest:0,97063;oracle:0,74620;postgresql:0,82498;api:0,88023;soap:1,05900;
angular:0,58443;java:0,40683;jenkins:0,58443;php:1,19896;mysql:0,53636;ansible:0,62874;
:0,14555;
:0,14555;
:0,14555;
:0,14555;
:0,14555;
:0,14555;
kubernetes:0,49573;python:0,41666;linux:0,46932;react:1,08918;mongodb:0,56206;ansible:0,55015;docker:0,47542;
:0,14555;
:0,14555;
:0,14555;
:0,14555;
:0,14555;
:0,14555;
:0,14555;
:0,14555;
:0,14555;
angular:0,81820;c:0,84682;java:0,56956;oracle:0,74620;mysql:0,75091;
:0,14555;
:0,14555;
:0,14555;
:0,14555;
:0,14555;
:0,14555;
:0,14555;
:0,14555;
:0,14555;
:0,14555;
:0,14555;
:0,14555;
:0,14555;
:0,14555;
:0,14555;
:0,14555;
:0,14555;
:0,14555;
:0,14555;
aws:3,75453;
:0,14555;
:0,14555;
:0,14555;
:0,14555;
:0,14555;
:0,14555;
:0,14555;
angular:2,04550;docker:1,90166;
:0,14555;
:0,14555;
:0,14555;
:0,14555;
:0,14555;
:0,14555;
:0,14555;
:0,14555;
:0,14555;
:0,14555;
:0,14555;
:0,14555;
:0,14555;
:0,14555;
java:2,84781;
spring:0,54747;java:0,63285;oracle:0,41456;postgresql:0,45832;jenkins:0,45456;soap:0,58833;docker:0,42259;ansible:0,48902;
:0,14555;
kubernetes:1,98292;linux:1,87727;
:0,14555;
:0,14555;
:0,14555;
:0,14555;
angular:2,04550;python:1,66666;
:0,14555;
kubernetes:0,66097;java:0,47464;postgresql:0,68748;mysql:0,62576;hibernate:0,78660;docker:0,63389;
:0,14555;
:0,14555;
:0,14555;
:0,14555;
:0,14555;
:0,14555;
:0,14555;
oracle:3,73100;
:0,14555;
:0,14555;
:0,14555;
:0,14555;
:0,14555;
:0,14555;
:0,14555;
:0,14555;
:0,14555;
:0,14555;
:0,14555;
:0,14555;
:0,14555;
spring:0,61591;angular:0,51138;python:0,41666;java:0,35598;postgresql:0,51561;react:0,54459;hibernate:0,58995;mongodb:0,56206;
:0,14555;
:0,14555;
:0,14555;
:0,14555;
:0,14555;
:0,14555;
python:3,33332;
aws:1,25151;docker:1,26777;azure:1,19339;
:0,14555;
:0,14555;
:0,14555;
:0,14555;
:0,14555;
:0,14555;
:0,14555;
oracle:3,73100;
:0,14555;
:0,14555;
:0,14555;
:0,14555;
:0,14555;
:0,14555;
linux:3,75453;
:0,14555;
:0,14555;
:0,14555;
java:0,94927;c:1,41137;azure:1,19339;
:0,14555;
:0,14555;
:0,14555;
:0,14555;
:0,14555;
:0,14555;
:0,14555;
:0,14555;
:0,14555;
:0,14555;
:0,14555;
:0,14555;
:0,14555;
:0,14555;
:0,14555;
:0,14555;
:0,14555;
:0,14555;
:0,14555;
angular:0,81820;oracle:0,74620;c:0,84682;kanban:1,03792;hibernate:0,94392;
:0,14555;
:0,14555;
:0,14555;
:0,14555;
:0,14555;
:0,14555;
:0,14555;
:0,14555;
:0,14555;
java:0,94927;oracle:1,24367;php:1,39879;
:0,14555;
:0,14555;
:0,14555;
:0,14555;
:0,14555;
kubernetes:3,96584;
:0,14555;
:0,14555;
:0,14555;
:0,14555;
:0,14555;
linux:3,75453;
:0,14555;
:0,14555;
:0,14555;
java:0,94927;hibernate:1,57320;mongodb:1,49882;
:0,14555;
:0,14555;
kubernetes:0,66097;python:0,55555;jenkins:0,68183;azure:0,59670;docker:0,63389;ansible:0,73353;
:0,14555;
:0,14555;
spring:0,44793;kubernetes:0,36053;python:0,30303;java:0,25889;jenkins:0,37191;terraform:0,40877;aws:0,34132;ansible:0,40011;azure:0,32547;docker:0,69151;
:0,14555;
:0,14555;
:0,14555;
:0,14555;
:0,14555;
:0,14555;
:0,14555;
:0,14555;
:0,14555;
java:2,84781;
:0,14555;
:0,14555;
:0,14555;
:0,14555;
:0,14555;
:0,14555;
:0,14555;
:0,14555;
:0,14555;
:0,14555;
:0,14555;
:0,14555;
:0,14555;
:0,14555;
:0,14555;
:0,14555;
:0,14555;
:0,14555;
:0,14555;
:0,14555;
:0,14555;
:0,14555;
:0,14555;
:0,14555;
:0,14555;
:0,14555;
:0,14555;
swift:5,41276;
python:0,47619;java:0,40683;oracle:0,53300;postgresql:0,58927;jenkins:0,58443;mysql:0,53636;unix:0,71533;
:0,14555;
:0,14555;
:0,14555;
:0,14555;
:0,14555;
:0,14555;
:0,14555;
:0,14555;
:0,14555;
python:1,11111;java:0,94927;c:1,41137;
:0,14555;
:0,14555;
:0,14555;
:0,14555;
:0,14555;
azure:3,58018;
:0,14555;
:0,14555;
:0,14555;
tensorflow:1,35319;python:0,83333;java:0,71195;spark:1,16475;
python:1,66666;java:1,42391;
angular:0,58443;python:0,47619;spark:0,66557;kafka:0,71533;react:0,62239;mongodb:0,64235;docker:0,54333;
:0,14555;
:0,14555;
:0,14555;
:0,14555;
:0,14555;
:0,14555;
:0,14555;
:0,14555;
:0,14555;
:0,14555;
:0,14555;
:0,14555;
:0,14555;
:0,14555;
:0,14555;
:0,14555;
:0,14555;
:0,14555;
:0,14555;
:0,14555;
:0,14555;
:0,14555;
:0,14555;
:0,14555;
:0,14555;
:0,14555;
:0,14555;
:0,14555;
:0,14555;
:0,14555;
:0,14555;
:0,14555;
:0,14555;
:0,14555;
:0,14555;
:0,14555;
:0,14555;
:0,14555;
:0,14555;
:0,14555;
:0,14555;
:0,14555;
:0,14555;
:0,14555;
:0,14555;
:0,14555;
oracle:3,73100;
:0,14555;
:0,14555;
rest:0,37332;kubernetes:0,30506;hibernate:0,36305;docker:0,29256;spring:0,37902;java:0,21906;postgresql:0,31730;kanban:0,39920;jenkins:0,31469;terraform:0,34588;mysql:0,28881;api:0,33855;aws:0,28881;
:0,14555;
kafka:1,66910;ansible:1,46705;azure:1,19339;
:0,14555;
:0,14555;
:0,14555;
:0,14555;
:0,14555;
:0,14555;
:0,14555;
:0,14555;
:0,14555;
:0,14555;
:0,14555;
:0,14555;
:0,14555;
:0,14555;
python:1,11111;postgresql:1,37497;mysql:1,25151;
:0,14555;
:0,14555;
:0,14555;
:0,14555;
:0,14555;
:0,14555;
:0,14555;
:0,14555;
:0,14555;
:0,14555;
:0,14555;
:0,14555;
:0,14555;
:0,14555;
:0,14555;
:0,14555;
:0,14555;
:0,14555;
kubernetes:0,66097;python:0,55555;c:0,70568;spark:0,77650;azure:0,59670;docker:0,63389;
linux:3,75453;
python:1,11111;aws:1,25151;azure:1,19339;
aws:3,75453;
:0,14555;
java:0,71195;postgresql:1,03123;php:1,04909;mysql:0,93863;
:0,14555;
:0,14555;
:0,14555;
:0,14555;
:0,14555;
:0,14555;
python:0,83333;tensorflow:1,35319;pytorch:1,38657;aws:0,93863;
:0,14555;
:0,14555;
:0,14555;
:0,14555;
python:0,55555;linux:1,25151;kanban:0,86494;mysql:0,62576;redis:0,88250;
:0,14555;
linux:3,75453;
terraform:2,24824;ansible:2,20058;
:0,14555;
:0,14555;
:0,14555;
:0,14555;
:0,14555;
:0,14555;
:0,14555;
:0,14555;
:0,14555;
:0,14555;
:0,14555;
:0,14555;
:0,14555;
hadoop:5,41276;
:0,14555;
:0,14555;
:0,14555;
:0,14555;
:0,14555;
:0,14555;
:0,14555;
:0,14555;
:0,14555;
:0,14555;
:0,14555;
:0,14555;
:0,14555;
oracle:3,73100;
:0,14555;
angular:0,58443;kubernetes:0,56655;java:0,40683;linux:0,53636;mysql:0,53636;hibernate:0,67423;docker:0,54333;
angular:2,04550;java:1,42391;
angular:0,58443;kubernetes:0,56655;java:0,40683;linux:0,53636;mysql:0,53636;hibernate:0,67423;docker:0,54333;
angular:0,58443;kubernetes:0,56655;java:0,40683;linux:0,53636;mysql:0,53636;hibernate:0,67423;docker:0,54333;
:0,14555;
:0,14555;
:0,14555;
swift:5,41276;
kubernetes:0,39658;python:0,33333;django:0,58828;kanban:0,51896;kafka:0,50073;mysql:0,37545;flask:0,61059;mongodb:0,44965;redis:0,52950;docker:0,38033;
python:3,33332;
:0,14555;
:0,14555;
:0,14555;
kubernetes:0,44065;jenkins:0,45456;react:0,48408;terraform:0,49961;typescript:0,55637;aws:0,41717;docker:0,42259;azure:0,39780;ansible:0,48902;
:0,14555;
:0,14555;
:0,14555;
:0,14555;
:0,14555;
:0,14555;
:0,14555;
:0,14555;
:0,14555;
:0,14555;
:0,14555;
:0,14555;
:0,14555;
:0,14555;
:0,14555;
:0,14555;
:0,14555;
:0,14555;
:0,14555;
:0,14555;
:0,14555;
:0,14555;
:0,14555;
:0,14555;
:0,14555;
:0,14555;
:0,14555;
:0,14555;
:0,14555;
:0,14555;
:0,14555;
:0,14555;
:0,14555;
:0,14555;
:0,14555;
:0,14555;
:0,14555;
:0,14555;
:0,14555;
:0,14555;
:0,14555;
:0,14555;
:0,14555;
:0,14555;
:0,14555;
:0,14555;
:0,14555;
:0,14555;
:0,14555;
:0,14555;
:0,14555;
:0,14555;
:0,14555;
:0,14555;
:0,14555;
python:1,66666;c:2,11705;
:0,14555;
:0,14555;
:0,14555;
:0,14555;
:0,14555;
:0,14555;
:0,14555;
:0,14555;
:0,14555;
:0,14555;
:0,14555;
:0,14555;
:0,14555;
:0,14555;
:0,14555;
:0,14555;
:0,14555;
:0,14555;
:0,14555;
:0,14555;
:0,14555;
:0,14555;
:0,14555;
:0,14555;
:0,14555;
:0,14555;
:0,14555;
:0,14555;
:0,14555;
:0,14555;
:0,14555;
:0,14555;
:0,14555;
:0,14555;
:0,14555;
c:2,11705;java:0,71195;php:1,04909;
:0,14555;
:0,14555;
:0,14555;
:0,14555;
:0,14555;
:0,14555;
:0,14555;
:0,14555;
:0,14555;
:0,14555;
:0,14555;
:0,14555;
:0,14555;
:0,14555;
:0,14555;
:0,14555;
:0,14555;
:0,14555;
oracle:1,86550;linux:1,87727;
:0,14555;
python:3,33332;
:0,14555;
:0,14555;
:0,14555;
aws:1,87727;azure:1,79009;
c:2,11705;oracle:1,86550;
:0,14555;
:0,14555;
:0,14555;
:0,14555;
:0,14555;
python:1,11111;java:0,94927;jenkins:1,36367;
java:2,84781;
:0,14555;
:0,14555;
:0,14555;
oracle:3,73100;
:0,14555;
:0,14555;
:0,14555;
:0,14555;
:0,14555;
:0,14555;
:0,14555;
:0,14555;
:0,14555;
:0,14555;
:0,14555;
:0,14555;
:0,14555;
:0,14555;
:0,14555;
:0,14555;
:0,14555;
:0,14555;
:0,14555;
:0,14555;
:0,14555;
:0,14555;
:0,14555;
:0,14555;
:0,14555;
:0,14555;
:0,14555;
:0,14555;
:0,14555;
:0,14555;
:0,14555;
python:1,66666;oracle:1,86550;
:0,14555;
:0,14555;
:0,14555;
:0,14555;
:0,14555;
:0,14555;
:0,14555;
:0,14555;
:0,14555;
:0,14555;
trello:6,39359;
:0,14555;
:0,14555;
:0,14555;
:0,14555;
:0,14555;
:0,14555;
:0,14555;
:0,14555;
:0,14555;
:0,14555;
:0,14555;
:0,14555;
python:1,11111;java:0,94927;jenkins:1,36367;
:0,14555;
:0,14555;
:0,14555;
python:1,11111;terraform:1,49882;azure:1,19339;
:0,14555;
:0,14555;
:0,14555;
:0,14555;
:0,14555;
:0,14555;
:0,14555;
:0,14555;
:0,14555;
:0,14555;
aws:3,75453;
angular:0,51138;java:0,35598;postgresql:0,51561;php:0,52455;react:0,54459;mysql:0,46932;typescript:0,62591;mongodb:0,56206;
:0,14555;
:0,14555;
:0,14555;
:0,14555;
:0,14555;
:0,14555;
:0,14555;
:0,14555;
angular:2,04550;java:1,42391;
spring:1,23181;angular:1,02275;java:0,71195;typescript:1,25182;
:0,14555;
:0,14555;
:0,14555;
react:4,35671;
:0,14555;
:0,14555;
:0,14555;
:0,14555;
:0,14555;
:0,14555;
:0,14555;
:0,14555;
:0,14555;
:0,14555;
oracle:0,93275;postgresql:1,03123;linux:0,93863;unix:1,25182;
oracle:3,73100;
:0,14555;
:0,14555;
:0,14555;
:0,14555;
:0,14555;
:0,14555;
:0,14555;
:0,14555;
:0,14555;
:0,14555;
:0,14555;
:0,14555;
:0,14555;
:0,14555;
:0,14555;
:0,14555;
:0,14555;
:0,14555;
:0,14555;
:0,14555;
:0,14555;
java:1,42391;react:2,17835;
java:1,42391;react:2,17835;
:0,14555;
:0,14555;
:0,14555;
:0,14555;
:0,14555;
:0,14555;
:0,14555;
:0,14555;
:0,14555;
:0,14555;
:0,14555;
:0,14555;
:0,14555;
:0,14555;
:0,14555;
:0,14555;
postgresql:0,82498;react:0,87134;mysql:0,75091;typescript:1,00146;mongodb:0,89929;
:0,14555;
:0,14555;
:0,14555;
:0,14555;
:0,14555;
linux:3,75453;
:0,14555;
perl:5,70044;
:0,14555;
:0,14555;
:0,14555;
:0,14555;
:0,14555;
:0,14555;
:0,14555;
:0,14555;
:0,14555;
:0,14555;
:0,14555;
:0,14555;
:0,14555;
:0,14555;
:0,14555;
:0,14555;
:0,14555;
:0,14555;
:0,14555;
:0,14555;
:0,14555;
:0,14555;
:0,14555;
:0,14555;
:0,14555;
:0,14555;
:0,14555;
:0,14555;
:0,14555;
:0,14555;
:0,14555;
:0,14555;
:0,14555;
:0,14555;
:0,14555;
:0,14555;
:0,14555;
java:2,84781;
:0,14555;
:0,14555;
:0,14555;
:0,14555;
:0,14555;
:0,14555;
:0,14555;
:0,14555;
:0,14555;
:0,14555;
:0,14555;
rest:0,69331;java:0,40683;terraform:0,64235;api:0,62874;aws:0,53636;azure:1,02291;
perl:2,85022;unix:2,50365;
rest:0,69331;java:0,40683;terraform:0,64235;api:0,62874;aws:0,53636;azure:1,02291;
oracle:3,73100;
java:1,42391;hibernate:2,35981;
:0,14555;
:0,14555;
:0,14555;
:0,14555;
:0,14555;
:0,14555;
:0,14555;
:0,14555;
:0,14555;
:0,14555;
:0,14555;
:0,14555;
:0,14555;
azure:3,58018;
:0,14555;
:0,14555;
:0,14555;
:0,14555;
:0,14555;
:0,14555;
:0,14555;
:0,14555;
:0,14555;
python:0,37037;css:0,55637;django:0,65364;java:0,31642;postgresql:0,45832;kafka:0,55637;typescript:0,55637;mongodb:0,49961;redis:0,58833;
:0,14555;
:0,14555;
:0,14555;
:0,14555;
:0,14555;
:0,14555;
:0,14555;
:0,14555;
:0,14555;
:0,14555;
:0,14555;
:0,14555;
:0,14555;
:0,14555;
:0,14555;
:0,14555;
:0,14555;
python:3,33332;
:0,14555;
python:3,33332;
:0,14555;
:0,14555;
:0,14555;
:0,14555;
:0,14555;
spring:0,70389;rest:0,69331;java:0,40683;jenkins:0,58443;api:0,62874;aws:0,53636;soap:0,75643;
:0,14555;
java:2,84781;
:0,14555;
:0,14555;
:0,14555;
:0,14555;
:0,14555;
:0,14555;
trello:6,39359;
react:2,17835;azure:1,79009;
:0,14555;
:0,14555;
:0,14555;
:0,14555;
:0,14555;
:0,14555;
:0,14555;
:0,14555;
:0,14555;
:0,14555;
:0,14555;
:0,14555;
:0,14555;
python:0,41666;java:0,35598;postgresql:0,51561;mysql:0,46932;typescript:0,62591;aws:0,46932;mongodb:0,56206;azure:0,44752;
:0,14555;
:0,14555;
angular:1,36367;java:0,94927;soap:1,76499;
oracle:1,86550;java:1,42391;
kubernetes:0,44065;java:0,31642;react:0,48408;mysql:0,41717;typescript:0,55637;aws:0,41717;mongodb:0,49961;redis:0,58833;azure:0,39780;
java:0,71195;c:1,05853;kotlin:1,69976;swift:1,35319;
python:0,83333;java:0,71195;oracle:0,93275;mysql:0,93863;
:0,14555;
:0,14555;
:0,14555;
oracle:3,73100;
:0,14555;
:0,14555;
java:0,94927;kanban:1,72987;jenkins:1,36367;
:0,14555;
:0,14555;
c:2,11705;java:0,71195;php:1,04909;
:0,14555;
java:1,42391;oracle:1,86550;
:0,14555;
:0,14555;
:0,14555;
:0,14555;
:0,14555;
:0,14555;
:0,14555;
:0,14555;
:0,14555;
:0,14555;
:0,14555;
:0,14555;
:0,14555;
:0,14555;
:0,14555;
:0,14555;
:0,14555;
:0,14555;
:0,14555;
:0,14555;
spark:0,93180;linux:0,75091;hadoop:1,08255;aws:0,75091;azure:0,71604;
spark:4,65899;
spark:1,55300;kafka:1,66910;hadoop:1,80425;
python:1,11111;spark:1,55300;hadoop:1,80425;
:0,14555;
:0,14555;
:0,14555;
:0,14555;
:0,14555;
:0,14555;
:0,14555;
c:2,11705;java:0,71195;php:1,04909;
c:2,11705;java:0,71195;php:1,04909;
:0,14555;
:0,14555;
:0,14555;
:0,14555;
:0,14555;
:0,14555;
:0,14555;
:0,14555;
:0,14555;
:0,14555;
:0,14555;
:0,14555;
:0,14555;
:0,14555;
:0,14555;
:0,14555;
:0,14555;
:0,14555;
:0,14555;
:0,14555;
:0,14555;
:0,14555;
:0,14555;
:0,14555;
:0,14555;
:0,14555;
:0,14555;
:0,14555;
:0,14555;
:0,14555;
:0,14555;
python:1,11111;c:1,41137;soap:1,76499;
:0,14555;
python:3,33332;
:0,14555;
:0,14555;
python:1,66666;spark:2,32949;
:0,14555;
:0,14555;
oracle:1,86550;postgresql:2,06245;
kubernetes:0,44065;python:0,37037;postgresql:0,45832;jenkins:0,45456;terraform:0,49961;mysql:0,41717;ansible:0,48902;azure:0,39780;docker:0,42259;
:0,14555;
c:2,82274;linux:1,25151;
:0,14555;
:0,14555;
:0,14555;
:0,14555;
:0,14555;
:0,14555;
:0,14555;
:0,14555;
:0,14555;
:0,14555;
:0,14555;
:0,14555;
:0,14555;
:0,14555;
:0,14555;
:0,14555;
:0,14555;
:0,14555;
:0,14555;
:0,14555;
:0,14555;
:0,14555;
:0,14555;
:0,14555;
:0,14555;
:0,14555;
:0,14555;
:0,14555;
:0,14555;
:0,14555;
:0,14555;
:0,14555;
:0,14555;
:0,14555;
:0,14555;
:0,14555;
:0,14555;
:0,14555;
:0,14555;
:0,14555;
:0,14555;
:0,14555;
:0,14555;
:0,14555;
:0,14555;
:0,14555;
:0,14555;
:0,14555;
:0,14555;
:0,14555;
:0,14555;
:0,14555;
:0,14555;
:0,14555;
:0,14555;
:0,14555;
:0,14555;
:0,14555;
kubernetes:0,66097;python:0,55555;jenkins:0,68183;terraform:0,74941;ansible:0,73353;docker:0,63389;
:0,14555;
:0,14555;
:0,14555;
:0,14555;
:0,14555;
:0,14555;
:0,14555;
:0,14555;
python:0,47619;tensorflow:0,77325;spark:0,66557;kafka:0,71533;pytorch:0,79233;keras:0,97129;hadoop:0,77325;
kanban:5,18962;
:0,14555;
:0,14555;
:0,14555;
:0,14555;
:0,14555;
:0,14555;
:0,14555;
:0,14555;
kubernetes:0,44065;jenkins:0,45456;react:0,48408;terraform:0,49961;typescript:0,55637;aws:0,41717;docker:0,42259;azure:0,39780;ansible:0,48902;
:0,14555;
:0,14555;
:0,14555;
:0,14555;
:0,14555;
:0,14555;
:0,14555;
:0,14555;
:0,14555;
:0,14555;
:0,14555;
:0,14555;
:0,14555;
:0,14555;
python:3,33332;
angular:0,68183;c:0,70568;java:0,47464;linux:0,62576;typescript:0,83455;azure:0,59670;
:0,14555;
:0,14555;
:0,14555;
:0,14555;
:0,14555;
:0,14555;
:0,14555;
:0,14555;
:0,14555;
:0,14555;
:0,14555;
:0,14555;
aws:1,87727;azure:1,79009;
:0,14555;
spring:0,98545;java:0,56956;kafka:1,00146;docker:0,76066;azure:0,71604;
:0,14555;
c:4,23411;
:0,14555;
kubernetes:0,44065;oracle:0,41456;linux:0,83434;kanban:0,57662;terraform:0,49961;azure:0,79560;docker:0,42259;
:0,14555;
:0,14555;
:0,14555;
:0,14555;
:0,14555;
java:0,71195;terraform:1,12412;aws:0,93863;azure:0,89505;
aws:3,75453;
:0,14555;
:0,14555;
:0,14555;
:0,14555;
:0,14555;
oracle:0,74620;postgresql:0,82498;linux:0,75091;mysql:0,75091;unix:1,00146;
:0,14555;
:0,14555;
:0,14555;
:0,14555;
:0,14555;
:0,14555;
:0,14555;
:0,14555;
:0,14555;
:0,14555;
:0,14555;
:0,14555;
:0,14555;
:0,14555;
:0,14555;
:0,14555;
:0,14555;
:0,14555;
:0,14555;
:0,14555;
:0,14555;
:0,14555;
:0,14555;
:0,14555;
python:1,11111;spark:1,55300;aws:1,25151;
:0,14555;
:0,14555;
:0,14555;
:0,14555;
:0,14555;
:0,14555;
kubernetes:0,49573;spark:0,58237;kafka:0,62591;terraform:0,56206;aws:0,46932;azure:0,89505;ansible:0,55015;
kubernetes:0,49573;spark:0,58237;kafka:0,62591;terraform:0,56206;aws:0,46932;azure:0,89505;ansible:0,55015;
:0,14555;
:0,14555;
:0,14555;
:0,14555;
:0,14555;
:0,14555;
:0,14555;
:0,14555;
:0,14555;
:0,14555;
:0,14555;
:0,14555;
:0,14555;
:0,14555;
:0,14555;
:0,14555;
:0,14555;
:0,14555;
:0,14555;
:0,14555;
:0,14555;
:0,14555;
:0,14555;
:0,14555;
:0,14555;
oracle:0,62183;postgresql:0,68748;spark:0,77650;jenkins:0,68183;mongodb:0,74941;azure:0,59670;
:0,14555;
:0,14555;
:0,14555;
:0,14555;
:0,14555;
:0,14555;
:0,14555;
:0,14555;
:0,14555;
:0,14555;
:0,14555;
:0,14555;
:0,14555;
:0,14555;
:0,14555;
:0,14555;
:0,14555;
:0,14555;
:0,14555;
:0,14555;
:0,14555;
:0,14555;
:0,14555;
:0,14555;
:0,14555;
:0,14555;
:0,14555;
:0,14555;
kubernetes:0,99146;python:0,83333;ansible:1,10029;docker:0,95083;
:0,14555;
:0,14555;
c:4,23411;
:0,14555;
:0,14555;
:0,14555;
:0,14555;
:0,14555;
linux:3,75453;
:0,14555;
:0,14555;
:0,14555;
:0,14555;
java:0,71195;postgresql:1,03123;php:1,04909;mysql:0,93863;
python:0,66666;tensorflow:1,08255;java:0,56956;c:0,84682;pytorch:1,10926;
java:1,89854;oracle:1,24367;
:0,14555;
:0,14555;
:0,14555;
:0,14555;
:0,14555;
:0,14555;
java:2,84781;
:0,14555;
:0,14555;
:0,14555;
angular:2,04550;java:1,42391;
spring:1,23181;angular:1,02275;java:0,71195;typescript:1,25182;
:0,14555;
:0,14555;
java:0,71195;linux:0,93863;php:1,04909;unix:1,25182;
:0,14555;
:0,14555;
:0,14555;
:0,14555;
:0,14555;
:0,14555;
:0,14555;
:0,14555;
:0,14555;
:0,14555;
:0,14555;
:0,14555;
:0,14555;
:0,14555;
:0,14555;
:0,14555;
:0,14555;
:0,14555;
azure:3,58018;
:0,14555;
:0,14555;
:0,14555;
:0,14555;
:0,14555;
:0,14555;
:0,14555;
:0,14555;
:0,14555;
:0,14555;
:0,14555;
:0,14555;
:0,14555;
:0,14555;
:0,14555;
:0,14555;
:0,14555;
:0,14555;
:0,14555;
:0,14555;
:0,14555;
:0,14555;
:0,14555;
:0,14555;
